id_transacao,valor,hora,frequencia_dia,distancia_km,is_fraude_real,pred_isolation_forest,pred_lof,pred_zscore,pred_ensemble
0,78.98434754283522,6,3,7.321425636152999,0,1,1,1,1
1,214.56066255555766,20,3,9.224334344097032,0,1,1,1,1
2,230.13963181212057,18,3,5.9160341036487205,0,1,1,1,1
3,14.642988066418951,22,3,1.3251195897728358,0,1,1,1,1
4,1.0,8,1,8.46940475770023,0,1,-1,1,1
5,181.0162513009612,13,1,11.00672426607461,0,1,1,1,1
6,117.06893422270326,15,1,10.618700072056951,0,1,1,1,1
7,143.11194785431613,8,2,14.90095435835911,0,1,1,1,1
8,203.3258134887627,20,1,7.6506737539021366,0,1,1,1,1
9,175.08110779601563,8,4,3.332628406328995,0,1,1,1,1
10,103.76847135378753,21,3,5.690088223433126,0,1,1,1,1
11,115.81978829307727,18,1,6.328061213043495,0,1,1,1,1
12,134.80609271821945,19,4,19.46524442711272,0,1,1,1,1
13,3316.434161778644,5,30,546.1820770280375,1,-1,1,-1,-1
14,225.22315719068712,17,2,19.210753292841318,0,1,1,1,1
15,27.148634405910457,6,1,9.717794515564464,0,1,1,1,1
16,188.41147227132888,15,1,6.30811709561446,0,1,1,1,1
17,56.242272567936425,12,1,12.883541807717009,0,1,1,1,1
18,200.8296914289022,6,4,21.963383615091207,0,1,1,1,1
19,55.735710150810746,20,3,12.188278367671531,0,1,1,1,1
20,203.01327763083873,19,3,11.382071821268772,0,1,1,1,1
21,47.76499405443046,17,2,11.364312590128865,0,1,1,1,1
22,256.31684723495914,19,1,12.754621904467701,0,1,1,1,1
23,160.51886534443616,16,1,16.783815787319817,0,1,1,1,1
24,223.27220338848105,7,4,0.9592797656462704,0,1,1,1,1
25,97.66828479457628,6,1,10.338356290313548,0,1,1,1,1
26,253.93826382288523,21,1,3.198782812039128,0,1,1,1,1
27,3316.434161778644,3,31,683.1941333555984,1,-1,1,-1,-1
28,138.2046008065466,20,3,17.397951868254676,0,1,1,1,1
29,1.0,9,3,9.46233127866968,0,1,1,1,1
30,102.71172598471155,14,3,5.382601100333481,0,1,1,1,1
31,383.1089972805864,10,2,0.0,0,1,-1,1,1
32,152.56861391767478,11,1,8.464364634571073,0,1,1,1,1
33,30.3951335818236,9,2,13.34277671628368,0,1,1,1,1
34,150.91408444485273,13,1,15.422931957319225,0,1,1,1,1
35,149.59025066239428,22,2,9.523571064930326,0,1,1,1,1
36,269.86995522373854,12,3,11.906356950404877,0,1,1,1,1
37,207.1517186104527,17,1,11.638732349759747,0,1,1,1,1
38,158.20425469810135,8,4,7.7525828511514785,0,1,1,1,1
39,227.46226836731847,14,2,5.4544855569832205,0,1,1,1,1
40,56.239424592414736,18,3,10.0563884830933,0,1,1,1,1
41,44.18403101164782,8,1,6.070116960343223,0,1,1,1,1
42,289.51476209342337,12,3,7.3023240903943,0,1,1,1,1
43,3316.434161778644,3,34,794.5133291632553,1,-1,1,-1,-1
44,176.23963869712878,7,2,7.65787151050271,0,1,1,1,1
45,61.00708224132657,7,1,16.236057105712252,0,1,1,1,1
46,136.7073726440214,8,4,7.8974582828155455,0,1,1,1,1
47,103.79688901154796,16,4,9.988748777479213,0,1,1,1,1
48,184.2312352555934,20,2,17.349686154706156,0,1,1,1,1
49,264.19882269476034,7,2,8.146448077634474,0,1,1,1,1
50,34.1498192467962,11,2,0.7880776898466397,0,1,1,1,1
51,147.76140347758258,13,2,18.763237772754696,0,1,1,1,1
52,128.68900079928358,21,2,10.636812378282428,0,1,1,1,1
53,129.79861325576283,19,4,7.797460695760033,0,1,1,1,1
54,137.63764143449583,21,1,12.54910353888059,0,1,1,1,1
55,321.3318080696369,15,3,8.413566373737797,0,1,-1,1,1
56,169.3315617341401,17,4,14.597118383234928,0,1,1,1,1
57,220.35183798902628,21,3,7.750148090676754,0,1,1,1,1
58,169.39974330169773,10,2,11.056932375241338,0,1,1,1,1
59,111.50071009076703,10,2,11.511291092427307,0,1,1,1,1
60,173.67951917496796,6,2,1.2974850548609211,0,1,1,1,1
61,112.37018765657636,11,3,3.860422246540783,0,1,1,1,1
62,169.81327208871545,12,4,2.389003624042858,0,1,1,1,1
63,123.27012474393504,18,4,5.977366848875932,0,1,1,1,1
64,99.07077735182114,19,4,13.829777263631165,0,1,1,1,1
65,226.1642922511912,17,3,5.044468422063248,0,1,1,1,1
66,77.80615241659899,16,4,1.6044478618814146,0,1,1,1,1
67,42.62598669032744,11,1,15.395048196180566,0,1,1,1,1
68,47.94509413296625,15,3,8.568169320674121,0,1,1,1,1
69,135.66186996401962,8,2,15.13790535276911,0,1,1,1,1
70,122.877353927955,11,1,11.960054686828784,0,1,1,1,1
71,186.3172463446957,7,2,13.951702908923519,0,1,1,1,1
72,52.21005499680774,19,4,13.81074620979343,0,1,1,1,1
73,245.01800746095492,11,4,9.787830949604459,0,1,1,1,1
74,267.7193578394525,6,2,20.605717013168338,0,1,1,1,1
75,141.72093855472312,17,3,12.538642258191263,0,1,1,1,1
76,283.43100888956155,17,4,12.401205762558833,0,1,1,1,1
77,202.0474230259761,8,4,4.913878294491793,0,1,1,1,1
78,278.8892918799697,7,4,11.058568920852984,0,1,1,1,1
79,254.0035675759167,13,4,0.7184421644277155,0,1,1,1,1
80,136.64576559131478,6,2,12.197580721457143,0,1,1,1,1
81,122.101994220125,7,4,11.07651314970756,0,1,1,1,1
82,180.86772420452007,17,3,13.167107705136747,0,1,1,1,1
83,113.01185658683463,17,4,4.877355435434968,0,1,1,1,1
84,229.16671476758825,17,3,7.71921901942321,0,1,1,1,1
85,206.54797127192407,7,2,5.084490361708625,0,1,1,1,1
86,3316.434161778644,4,21,710.585481626427,1,-1,1,-1,-1
87,133.14479885094744,7,2,9.560821606981502,0,1,1,1,1
88,313.9004520690629,8,1,9.560467563153926,0,1,1,1,1
89,144.64374616814393,18,3,10.069491046662556,0,1,1,1,1
90,21.819236715285967,9,3,12.081840740694776,0,1,1,1,1
91,177.9020715237036,10,2,14.219684457766778,0,1,1,1,1
92,256.8627469056186,14,4,5.49482985372524,0,1,1,1,1
93,137.63954566000797,16,3,17.004409301564834,0,1,1,1,1
94,133.76688121635618,17,4,11.827436725192523,0,1,1,1,1
95,107.28798093011562,18,1,0.0,0,1,1,1,1
96,177.26331264016846,22,3,16.432950656436166,0,1,1,1,1
97,188.45973271247271,18,3,0.5341441938094746,0,1,1,1,1
98,196.89778650874226,11,2,11.226855044976661,0,1,1,1,1
99,152.4733822426159,18,4,9.29298664587311,0,1,1,1,1
100,24.92176417050493,12,1,15.894772892958242,0,1,1,1,1
101,217.7267188674723,13,3,8.4751339064345,0,1,1,1,1
102,57.930839265154646,20,1,10.045866240910646,0,1,1,1,1
103,184.7812859573295,6,2,6.402592270107261,0,1,1,1,1
104,127.10216401274647,9,3,0.9976065413290964,0,1,1,1,1
105,123.01398703451952,22,1,11.22340962743675,0,1,1,1,1
106,143.0324663157992,13,1,5.1419061349352,0,1,1,1,1
107,3316.434161778644,1,32,1120.0094562639215,1,-1,-1,-1,-1
108,137.46896818735277,13,2,7.535701155522203,0,1,1,1,1
109,192.35307257005778,6,3,10.54351076406705,0,1,1,1,1
110,170.6583058658156,13,4,6.275085306371793,0,1,1,1,1
111,1.0,20,4,13.532662564489137,0,1,1,1,1
112,3316.434161778644,1,35,793.851233547894,1,-1,1,-1,-1
113,117.84059358966361,18,2,11.054323010440436,0,1,1,1,1
114,112.4478127837821,12,4,3.2982189598939806,0,1,1,1,1
115,139.51306794498188,10,1,12.097324464266242,0,1,1,1,1
116,184.3005150769291,11,2,0.1112546881643599,0,1,1,1,1
117,3316.434161778644,1,22,480.010133183131,1,-1,-1,-1,-1
118,24.73927422555886,17,2,17.74945283064563,0,1,1,1,1
119,131.05197883922526,6,4,0.6875762368760245,0,1,1,1,1
120,117.32890981962188,18,3,17.522533592946132,0,1,1,1,1
121,121.35866495404566,9,2,10.279696750662003,0,1,1,1,1
122,149.0332279369386,12,4,17.05658492938356,0,1,1,1,1
123,130.9461004820268,20,3,8.178113535533791,0,1,1,1,1
124,136.9867263564074,11,4,10.965907899065991,0,1,1,1,1
125,78.89621494152652,11,1,7.709590991659362,0,1,1,1,1
126,64.22935828585126,8,2,7.833836716884894,0,1,1,1,1
127,31.851374652341462,6,3,9.83198280021929,0,1,1,1,1
128,117.44450009819528,15,4,4.012058554829214,0,1,1,1,1
129,82.39637376246792,12,2,16.434211313227514,0,1,1,1,1
130,8.003035228629727,13,4,14.239793717318499,0,1,1,1,1
131,227.51982962206864,7,2,8.824246766927823,0,1,1,1,1
132,231.0172654255863,7,1,4.622138569284923,0,1,1,1,1
133,3316.434161778644,1,31,760.8755338384624,1,-1,1,-1,-1
134,275.17744173359233,9,3,6.839570885955446,0,1,1,1,1
135,98.88977214053264,17,1,0.0,0,1,1,1,1
136,68.1202005902508,18,4,15.94392057176937,0,1,1,1,1
137,230.22062602436833,10,2,13.859371461849141,0,1,1,1,1
138,121.82931596094164,13,4,0.0,0,1,1,1,1
139,76.4438171198711,22,4,10.82160329690958,0,1,1,1,1
140,159.33486473125825,14,4,5.684071688278615,0,1,1,1,1
141,296.9530822657051,7,2,8.242376324283534,0,1,1,1,1
142,240.24150858794422,15,2,3.345613736932547,0,1,1,1,1
143,10.433121042064585,8,4,6.919124579127381,0,1,1,1,1
144,153.08648983847337,13,3,6.694654520964299,0,1,1,1,1
145,228.99241160371207,6,4,14.371388394595321,0,1,1,1,1
146,133.83334036884767,14,1,11.966148884924136,0,1,1,1,1
147,320.33976896226386,17,1,8.109803541342616,0,1,-1,1,1
148,57.03363898125703,6,3,9.746859434715045,0,1,1,1,1
149,134.74791539958724,19,4,7.828997833705572,0,1,1,1,1
150,163.7568265949648,20,2,12.71097642862128,0,1,1,1,1
151,110.05635211686783,18,3,13.302212832742185,0,1,1,1,1
152,3316.434161778644,5,18,805.6653490165882,1,-1,1,-1,-1
153,181.4261974607935,17,4,12.024911594623383,0,1,1,1,1
154,220.9115167654362,22,1,22.46963502863995,0,1,1,1,1
155,22.834600535282476,18,4,13.257703103219795,0,1,1,1,1
156,288.58492843279555,13,4,10.070360414367524,0,1,1,1,1
157,72.90892445049568,14,1,14.971752340621592,0,1,1,1,1
158,15.370418270735627,16,2,5.643919639870929,0,1,1,1,1
159,62.5340913690094,9,4,8.778355724102354,0,1,1,1,1
160,116.11147148313293,12,3,9.820876266670222,0,1,1,1,1
161,105.50464329206999,9,3,7.0704089477420755,0,1,1,1,1
162,118.76288404297519,17,2,1.8903743658489542,0,1,1,1,1
163,297.8260010364836,22,2,13.072200614462373,0,1,1,1,1
164,216.48254861343796,19,1,10.56937597071006,0,1,1,1,1
165,108.18250430642557,7,4,0.0,0,1,1,1,1
166,9.462257401713401,7,3,9.390973879733332,0,1,1,1,1
167,116.0181017765527,15,1,5.181124063828057,0,1,1,1,1
168,216.23905414376472,18,4,10.454000118050239,0,1,1,1,1
169,244.1929511182155,9,3,8.924254171144355,0,1,1,1,1
170,180.6715091482796,8,1,15.828360449419096,0,1,1,1,1
171,357.81389812766656,21,4,8.061060222253547,0,1,-1,1,1
172,184.75389148366858,13,1,7.345890859351764,0,1,1,1,1
173,3316.434161778644,1,36,643.148298216964,1,-1,1,-1,-1
174,87.64140826196643,7,1,8.226513485201613,0,1,1,1,1
175,65.31711344172726,8,3,9.577400592442633,0,1,1,1,1
176,130.37777232463122,22,3,23.519925536396933,0,1,1,1,1
177,40.00833533040145,16,3,14.682846779283938,0,1,1,1,1
178,177.5683923800286,14,3,3.6025160204305102,0,1,1,1,1
179,183.61508789799498,13,3,5.292311988850995,0,1,1,1,1
180,125.306155556287,11,1,2.335675608236464,0,1,1,1,1
181,212.7875229286508,11,2,17.175030889944676,0,1,1,1,1
182,1.0,18,2,13.946832778348526,0,1,1,1,1
183,266.40364610165693,21,2,15.549848215528499,0,1,1,1,1
184,179.23795781142675,10,3,7.688301472393565,0,1,1,1,1
185,217.0501254315505,8,2,2.640938243379072,0,1,1,1,1
186,168.63024161097346,6,2,14.712968104498962,0,1,1,1,1
187,268.51644381271785,20,4,0.0,0,1,1,1,1
188,189.2613367195055,8,2,5.42387139423338,0,1,1,1,1
189,78.54955027321098,13,2,8.930234280695942,0,1,1,1,1
190,180.63085891080397,12,3,12.771650023161953,0,1,1,1,1
191,1.0,21,4,10.80959683642534,0,1,1,1,1
192,80.47622017081741,7,3,9.772209366227296,0,1,1,1,1
193,136.924568118039,21,2,7.660118433378538,0,1,1,1,1
194,111.26644533331373,13,4,1.4275705225193924,0,1,1,1,1
195,1.0,17,2,22.86258718484865,0,1,1,1,1
196,94.08556571370029,9,1,10.463397230145018,0,1,1,1,1
197,79.74781064569994,9,2,14.354113851833194,0,1,1,1,1
198,185.7057718034451,15,1,11.244567993375147,0,1,1,1,1
199,200.04723151738693,10,4,11.191941874187126,0,1,1,1,1
200,184.4656802406306,6,1,15.126740171288775,0,1,1,1,1
201,200.99767221208973,7,1,7.821349559166302,0,1,1,1,1
202,87.40669328308434,19,3,11.699042872452154,0,1,1,1,1
203,67.41898635377305,12,4,23.01813149375205,0,1,1,1,1
204,123.8990395981568,22,4,7.073107490134783,0,1,1,1,1
205,108.35292697156711,17,1,9.498511662782958,0,1,1,1,1
206,77.76582575303789,22,4,24.287192115699327,0,1,1,1,1
207,259.0742969668559,12,1,18.63066187334755,0,1,1,1,1
208,224.84377003721193,9,4,7.414928875228199,0,1,1,1,1
209,1.0523877405990731,21,1,9.626155392176361,0,1,1,1,1
210,213.46777881599402,9,1,6.730184331815391,0,1,1,1,1
211,70.83695039745086,8,1,7.609584711230878,0,1,1,1,1
212,300.57399041632397,15,2,7.3310203017039575,0,1,1,1,1
213,140.59113156599034,15,2,10.337777420404123,0,1,1,1,1
214,175.5520211032983,12,4,13.937413521927626,0,1,1,1,1
215,201.0027048718157,14,1,2.572189983844643,0,1,1,1,1
216,143.47297842519032,21,4,7.831862574229062,0,1,1,1,1
217,56.27466969397267,12,2,14.231520311538649,0,1,1,1,1
218,47.838684402381745,9,1,13.378033165822393,0,1,1,1,1
219,132.27711074153595,21,4,16.189418439593652,0,1,1,1,1
220,65.76811914368407,11,2,10.184027495484774,0,1,1,1,1
221,172.25149811637016,20,1,17.68678775948901,0,1,1,1,1
222,3316.434161778644,2,38,860.8871045627632,1,-1,1,-1,-1
223,155.4063255591113,11,3,4.190327968099562,0,1,1,1,1
224,95.9186155454905,20,3,11.923842721024965,0,1,1,1,1
225,210.03609566451658,20,4,15.12256337713345,0,1,1,1,1
226,129.72979448415882,9,2,4.908422338193708,0,1,1,1,1
227,179.46852901605268,7,3,5.487467467783541,0,1,1,1,1
228,100.22340437642256,10,1,6.071018653086134,0,1,1,1,1
229,106.89829459058055,18,2,10.504683958675773,0,1,1,1,1
230,279.2967745320966,10,2,3.565462797318127,0,1,1,1,1
231,3316.434161778644,4,35,1109.0464303393119,1,-1,-1,-1,-1
232,264.6571605284938,16,4,13.944539416916196,0,1,1,1,1
233,33.61420117937686,22,3,4.055599232011975,0,1,1,1,1
234,84.89818174016978,10,3,15.134528731603098,0,1,1,1,1
235,117.48679868923075,22,2,2.6690700876522904,0,1,1,1,1
236,102.74343888292108,20,4,13.862699037913803,0,1,1,1,1
237,3316.434161778644,0,33,566.0647997951162,1,-1,1,-1,-1
238,119.34501430912098,19,4,12.036319468677343,0,1,1,1,1
239,68.90261068476809,21,2,6.1582217022604375,0,1,1,1,1
240,225.2451773112971,8,2,6.084100691424162,0,1,1,1,1
241,1.0,6,3,10.65936906560576,0,1,1,1,1
242,213.26448973520644,17,1,11.405865828217397,0,1,1,1,1
243,153.11305655211677,15,2,8.801144935532042,0,1,1,1,1
244,123.24350621152988,11,4,10.86503569826113,0,1,1,1,1
245,11.814366144612109,12,3,9.54229990290896,0,1,1,1,1
246,66.75648486739725,22,3,21.17193123098841,0,1,1,1,1
247,162.68317528613713,18,4,12.425469342485563,0,1,1,1,1
248,54.33282835287683,8,4,10.523450149440631,0,1,1,1,1
249,171.09737634852155,10,4,11.675211837687065,0,1,1,1,1
250,120.95569227479426,18,2,8.820828780929093,0,1,1,1,1
251,3316.434161778644,5,33,677.9802267885773,1,-1,1,-1,-1
252,137.91584979144565,20,3,12.543297715090494,0,1,1,1,1
253,125.06029353420423,9,1,12.505427163112328,0,1,1,1,1
254,192.40517644811734,18,2,13.487441559605,0,1,1,1,1
255,210.0695190985008,13,1,14.897926705779867,0,1,1,1,1
256,280.3149558099193,12,3,8.22706226374321,0,1,1,1,1
257,264.90414052506327,15,4,5.722367735457121,0,1,1,1,1
258,159.53806889019137,8,4,6.8283450323722725,0,1,1,1,1
259,45.82563945101455,21,4,0.0,0,1,1,1,1
260,154.66194647483573,13,3,18.286880601162483,0,1,1,1,1
261,113.30597720485335,14,4,10.987781412637517,0,1,1,1,1
262,70.22025379188146,18,3,8.55062192262565,0,1,1,1,1
263,162.43434621347728,21,3,11.121486535907971,0,1,1,1,1
264,171.62745914253807,17,2,6.897406896756692,0,1,1,1,1
265,103.21006920535994,12,4,13.193796908379884,0,1,1,1,1
266,232.06694743081908,9,3,1.2176163962684292,0,1,1,1,1
267,158.63043554744263,11,1,0.7683149443975985,0,1,1,1,1
268,353.9462362085602,18,4,1.4426342013477047,0,1,-1,1,1
269,254.76405478884215,18,4,7.722593755725914,0,1,1,1,1
270,236.8229603556728,20,2,10.213155122188734,0,1,1,1,1
271,278.1423113056733,8,1,9.529027123245834,0,1,1,1,1
272,181.17533642560016,11,2,7.116507555362489,0,1,1,1,1
273,120.54008345695756,13,3,11.595474170117871,0,1,1,1,1
274,134.69248106439517,12,4,17.878387960853303,0,1,1,1,1
275,81.7564857941136,6,1,12.265093781560857,0,1,1,1,1
276,201.46614357512357,12,1,15.11203612680236,0,1,1,1,1
277,99.79299708504642,21,4,6.491165268666087,0,1,1,1,1
278,97.0459247146679,15,2,13.982720152599985,0,1,1,1,1
279,221.53706628107275,22,4,17.179890624008877,0,1,1,1,1
280,83.00292767318459,9,1,10.182403778071157,0,1,1,1,1
281,234.73789911170567,6,1,10.705845094163202,0,1,1,1,1
282,107.6448458107141,19,4,7.381136107293823,0,1,1,1,1
283,129.84180974344918,19,4,13.015034267133382,0,1,1,1,1
284,43.88858258083488,14,4,17.717464280072768,0,1,1,1,1
285,204.85992282197293,19,4,5.512535145726688,0,1,1,1,1
286,138.19770558077175,19,4,6.2768832178071845,0,1,1,1,1
287,180.67016905459764,14,3,14.172627736845289,0,1,1,1,1
288,300.14756890253364,9,3,8.703953703424585,0,1,1,1,1
289,3316.434161778644,5,32,1084.3253956164417,1,-1,-1,-1,-1
290,176.8673005546419,14,1,12.466338969195494,0,1,1,1,1
291,229.6561108719939,12,4,2.572304202388631,0,1,1,1,1
292,221.61479855773487,17,4,9.775023961784969,0,1,1,1,1
293,60.60927096083137,8,4,9.813753737239365,0,1,1,1,1
294,229.98593975282358,6,4,4.817090125651715,0,1,1,1,1
295,238.47946959258385,13,4,10.75040565172512,0,1,1,1,1
296,197.16375088284818,19,1,4.843989657802075,0,1,1,1,1
297,39.4254787698368,14,3,8.558572709363405,0,1,1,1,1
298,124.70059261251342,11,3,7.092030328591974,0,1,1,1,1
299,291.4343930863906,22,2,6.182803413446697,0,1,1,1,1
300,83.90164269088379,16,1,19.110276106714213,0,1,1,1,1
301,134.86045272508755,12,1,10.847369355966302,0,1,1,1,1
302,157.32161425385667,19,1,4.4966936788281995,0,1,1,1,1
303,102.44797182410119,22,4,14.132036549466289,0,1,1,1,1
304,154.83087427395336,9,2,8.002255292057857,0,1,1,1,1
305,1.0,13,4,11.153361511903128,0,1,1,1,1
306,152.62256743010087,10,2,10.429967403738125,0,1,1,1,1
307,256.89488800097365,22,2,6.48622520089398,0,1,1,1,1
308,174.76960655273334,14,3,13.379894279034616,0,1,1,1,1
309,97.76670842682304,8,1,10.447963836842174,0,1,1,1,1
310,47.514463452333445,15,4,11.087202076516306,0,1,1,1,1
311,121.0583618044663,19,2,13.081176982766564,0,1,1,1,1
312,57.49218717877338,15,2,10.08064707638002,0,1,1,1,1
313,194.68391674193788,9,2,5.886489884604495,0,1,1,1,1
314,239.16739556619015,12,1,23.837179460161302,0,1,1,1,1
315,316.15844232430027,13,1,9.049641635496275,0,1,-1,1,1
316,81.7405319552944,17,4,10.313491516183571,0,1,1,1,1
317,104.32450707825643,20,1,16.146878588250523,0,1,1,1,1
318,58.78712646990155,21,4,9.962163516844246,0,1,1,1,1
319,152.4505194075534,16,3,11.283293653561309,0,1,1,1,1
320,125.25227682238094,22,3,9.556930273734164,0,1,1,1,1
321,235.2784184630115,18,3,7.687221418377099,0,1,1,1,1
322,219.10624109585507,8,4,13.630491807231673,0,1,1,1,1
323,66.75311579900536,11,1,10.054914462912006,0,1,1,1,1
324,181.7593043599072,22,2,10.593982699514509,0,1,1,1,1
325,343.6332009797922,13,3,5.5626808762892015,0,1,-1,1,1
326,155.76268585860623,11,3,12.425408835320647,0,1,1,1,1
327,136.36739350686364,21,4,17.96456044561404,0,1,1,1,1
328,206.13309184716536,20,1,15.191449644919095,0,1,1,1,1
329,132.22218423209813,10,3,6.050068230661985,0,1,1,1,1
330,145.44363670291767,22,1,20.79329505352417,0,1,1,1,1
331,185.1269343143661,6,2,5.933047938266618,0,1,1,1,1
332,1.0,16,1,1.6598270005545164,0,1,-1,1,1
333,1.0,8,3,17.179970088838573,0,1,1,1,1
334,174.37736638035452,12,3,2.193985389055598,0,1,1,1,1
335,155.3236652687364,11,3,15.404281024754356,0,1,1,1,1
336,77.15400928628411,20,2,1.959070943942292,0,1,1,1,1
337,69.31711664455138,18,1,5.209941996493853,0,1,1,1,1
338,207.94261419649825,9,4,6.527673790373235,0,1,1,1,1
339,114.11486335773165,6,3,0.6940315774722201,0,1,1,1,1
340,58.64494190860768,9,1,17.40049601856958,0,1,1,1,1
341,191.693380458569,6,1,16.01350403268073,0,1,1,1,1
342,113.60132157273759,15,1,2.7649771179249214,0,1,1,1,1
343,178.54968473196075,11,2,9.94901942187477,0,1,1,1,1
344,206.1562900977016,17,3,15.524702444788627,0,1,1,1,1
345,157.37013267472872,22,3,16.455145275920678,0,1,1,1,1
346,173.71344006469275,8,3,10.350565793666082,0,1,1,1,1
347,277.062088571941,9,4,9.457316836574217,0,1,1,1,1
348,203.2308087178229,18,3,17.875414138043652,0,1,1,1,1
349,219.27749107337226,20,3,19.622480185062866,0,1,1,1,1
350,167.5506001091085,21,2,9.019978510774921,0,1,1,1,1
351,275.86839219801936,9,1,16.505791743260154,0,1,1,1,1
352,233.94716884347258,21,2,15.329888148715671,0,1,1,1,1
353,134.69565400947081,20,3,3.986517070494849,0,1,1,1,1
354,162.20500096819748,17,4,8.132955315880588,0,1,1,1,1
355,39.865108195495296,20,4,12.3830148366199,0,1,1,1,1
356,288.1880171331348,17,1,20.054630562002572,0,1,1,1,1
357,78.94929170130781,13,3,16.843923159517814,0,1,1,1,1
358,24.236779547740753,9,4,5.667919306702806,0,1,1,1,1
359,84.96471237517392,10,1,13.29742107125948,0,1,1,1,1
360,31.5570789947987,20,4,11.39620776966781,0,1,1,1,1
361,1.0,19,1,13.309737947152584,0,1,-1,1,1
362,68.75367350339667,17,1,9.651006071189311,0,1,1,1,1
363,139.5089975837324,16,3,15.247493029316594,0,1,1,1,1
364,217.0791362989076,18,2,15.7947479118845,0,1,1,1,1
365,183.01860892767905,18,4,6.919754872219373,0,1,1,1,1
366,258.05000967621254,11,1,6.499579851770555,0,1,1,1,1
367,266.9155433793762,11,1,11.93529364697872,0,1,1,1,1
368,172.1019343462843,11,1,3.6095581864409834,0,1,1,1,1
369,222.6881087913689,8,4,5.735310911038638,0,1,1,1,1
370,146.73899790916528,17,2,0.948933394565918,0,1,1,1,1
371,71.92329471080761,20,1,13.564987126725496,0,1,1,1,1
372,183.1527546620797,19,4,11.0270526348063,0,1,1,1,1
373,51.95153889862014,12,2,18.611799709978246,0,1,1,1,1
374,160.22723225338282,17,1,8.667932329624115,0,1,1,1,1
375,224.46705810804235,6,2,10.026614302258503,0,1,1,1,1
376,150.50712498898147,16,2,15.596985809991901,0,1,1,1,1
377,189.7728595243011,13,2,6.79754964072287,0,1,1,1,1
378,89.85953217491998,17,2,12.866812350864725,0,1,1,1,1
379,109.68338068715116,6,3,4.439778728203994,0,1,1,1,1
380,65.00684705123496,13,1,21.03262653570201,0,1,1,1,1
381,116.77141918562518,17,2,8.015430793811042,0,1,1,1,1
382,190.89774516380277,12,2,16.164318716545047,0,1,1,1,1
383,91.67329298051132,12,3,5.954370075294801,0,1,1,1,1
384,132.09129464956004,11,3,6.009233211225831,0,1,1,1,1
385,104.28406246426101,9,4,8.177857909678792,0,1,1,1,1
386,259.1089783851128,11,3,15.615473152207695,0,1,1,1,1
387,200.81207574515236,18,1,10.073400699448557,0,1,1,1,1
388,3316.434161778644,5,39,774.9911168280231,1,-1,1,-1,-1
389,150.96425444814605,9,2,8.263085832007341,0,1,1,1,1
390,272.86047935967935,11,1,8.69219049466799,0,1,1,1,1
391,193.4523414644156,8,2,13.662139048814192,0,1,1,1,1
392,1.0,8,3,12.301093197175318,0,1,1,1,1
393,217.22465099659163,17,2,11.519187128187815,0,1,1,1,1
394,168.83586946479443,22,1,0.0,0,1,1,1,1
395,127.9886199018653,17,3,8.101617645759134,0,1,1,1,1
396,128.7328966467697,19,1,7.866975084704502,0,1,1,1,1
397,178.9537483143075,13,1,5.489444309094744,0,1,1,1,1
398,218.4015459437823,12,1,9.217892604283508,0,1,1,1,1
399,3316.434161778644,4,26,535.7271856709461,1,-1,1,-1,-1
400,115.73377422695143,15,3,12.75929385765646,0,1,1,1,1
401,304.9784929943613,11,4,0.0,0,1,-1,1,1
402,87.0747379916665,7,4,7.115757634258437,0,1,1,1,1
403,74.71023232600334,21,3,0.0,0,1,1,1,1
404,100.88185588856823,11,1,17.608502263684795,0,1,1,1,1
405,83.86359624664843,13,3,9.565200121969895,0,1,1,1,1
406,136.42241628636972,12,3,10.036035301881851,0,1,1,1,1
407,242.4249628885357,21,1,10.75460763403248,0,1,1,1,1
408,200.50305806708323,18,1,5.991905796157747,0,1,1,1,1
409,184.7907417170918,9,2,4.2008035711651734,0,1,1,1,1
410,203.46608144863976,9,1,5.67030058083857,0,1,1,1,1
411,124.567476109723,21,1,11.391664697852521,0,1,1,1,1
412,143.62163489145533,19,2,6.72128268783843,0,1,1,1,1
413,187.72308180361114,16,1,5.7662795355798995,0,1,1,1,1
414,169.52835111826818,20,4,9.11893470519012,0,1,1,1,1
415,148.90825665637627,22,4,0.4311013258553693,0,1,1,1,1
416,250.13800068521562,21,2,21.364959129896945,0,1,1,1,1
417,59.77753880866288,18,4,10.87850228082425,0,1,1,1,1
418,221.82523267284384,11,1,11.453665889334111,0,1,1,1,1
419,123.48094623221962,16,4,10.423306403663819,0,1,1,1,1
420,220.2760241045818,16,4,10.161850503635153,0,1,1,1,1
421,52.72872607166954,7,3,11.023533430102649,0,1,1,1,1
422,196.46216762638375,8,3,8.807818245098487,0,1,1,1,1
423,193.87423366638396,19,2,14.97969342411129,0,1,1,1,1
424,3.5275339321975707,18,4,16.288894754347215,0,1,1,1,1
425,84.21999861677438,19,1,4.0877471389678135,0,1,1,1,1
426,119.46096848013367,17,3,8.466513560870315,0,1,1,1,1
427,123.20919760113802,22,4,20.004815507950767,0,1,1,1,1
428,196.36489139811817,18,2,9.649935705935999,0,1,1,1,1
429,142.21707212692084,14,1,7.392306776068083,0,1,1,1,1
430,112.27801540400408,15,4,3.9169814235529756,0,1,1,1,1
431,137.7981974038113,11,1,9.726477815753643,0,1,1,1,1
432,235.47772447912308,7,1,3.031637578169142,0,1,1,1,1
433,236.09921259731084,7,2,14.05867854998251,0,1,1,1,1
434,245.2914362471092,18,3,24.063246241193617,0,1,1,1,1
435,155.2824558048973,6,1,7.227137971797765,0,1,1,1,1
436,117.12582153330104,20,1,8.289235546339764,0,1,1,1,1
437,166.18449534649548,15,2,11.659977467284673,0,1,1,1,1
438,225.81196878786398,12,1,13.849479906373823,0,1,1,1,1
439,47.389227979158264,13,1,12.42226719624211,0,1,1,1,1
440,63.24895422133068,15,2,12.481715171703657,0,1,1,1,1
441,170.96286496595047,15,2,3.702934666469333,0,1,1,1,1
442,3316.434161778644,3,19,822.7599130680593,1,-1,1,-1,-1
443,61.70074417743942,22,1,12.038641848090194,0,1,1,1,1
444,137.26521028959513,20,4,10.512361835515783,0,1,1,1,1
445,126.49768638782962,13,1,7.694868597095809,0,1,1,1,1
446,1.0,12,3,18.91146896352356,0,1,1,1,1
447,276.32730051283477,22,3,8.454888174018752,0,1,1,1,1
448,13.547822718758624,17,4,0.0,0,1,1,1,1
449,44.65358311534068,20,4,10.230290692885578,0,1,1,1,1
450,309.7837224598395,11,3,12.920845366761451,0,1,1,1,1
451,155.04018946677598,22,2,1.9152029991752695,0,1,1,1,1
452,186.75086173732893,9,4,10.066777957718365,0,1,1,1,1
453,84.28906566204911,11,2,3.876476111747298,0,1,1,1,1
454,382.4053735392325,7,1,11.24466955198329,0,1,-1,1,1
455,125.1612819043245,20,2,8.93101569075022,0,1,1,1,1
456,173.11333337349654,12,3,9.181179479388991,0,1,1,1,1
457,1.0,6,1,14.197840453871262,0,1,-1,1,1
458,336.21224802768677,12,2,9.025100569401065,0,1,-1,1,1
459,95.73884478758586,22,2,7.548889249806123,0,1,1,1,1
460,161.39405888564522,10,2,8.645531864645314,0,1,1,1,1
461,34.31537164892363,8,4,6.670611444397818,0,1,1,1,1
462,169.33277758566703,13,2,10.53552515004736,0,1,1,1,1
463,3316.434161778644,4,19,945.2058066078282,1,-1,1,-1,-1
464,1.0,12,2,7.2673110348581105,0,1,1,1,1
465,75.31058559920984,9,2,11.158302221182588,0,1,1,1,1
466,155.77036061710956,20,3,12.170049117250535,0,1,1,1,1
467,256.2148905814153,12,4,7.533890772470446,0,1,1,1,1
468,114.5971430486253,10,1,2.793246001329731,0,1,1,1,1
469,82.34711737861223,20,3,5.150998024424632,0,1,1,1,1
470,46.282213754019125,22,4,6.249991318757442,0,1,1,1,1
471,116.13613503646769,12,3,10.853125392698963,0,1,1,1,1
472,150.48133443488572,17,4,13.764360835744402,0,1,1,1,1
473,185.72249408239554,12,2,11.08636579114312,0,1,1,1,1
474,96.3087778082735,15,1,4.501708270778293,0,1,1,1,1
475,3316.434161778644,0,20,863.5997388828094,1,-1,1,-1,-1
476,80.6395794941259,7,3,3.1197833421342587,0,1,1,1,1
477,281.79151980826634,9,1,11.494590762920755,0,1,1,1,1
478,193.2905288643625,21,2,6.190042380865048,0,1,1,1,1
479,17.859268145658632,16,2,5.593807762819748,0,1,1,1,1
480,168.8220889270611,13,1,16.15937567144652,0,1,1,1,1
481,15.013245283357605,21,2,10.155236002442772,0,1,1,1,1
482,212.22335483431587,11,2,4.621320206773838,0,1,1,1,1
483,210.8106468300683,22,4,12.292795681060845,0,1,1,1,1
484,186.1867160514511,21,2,8.59633299574644,0,1,1,1,1
485,168.57290584533757,16,2,7.982039407403329,0,1,1,1,1
486,96.75922341690446,19,3,1.4041943306197666,0,1,1,1,1
487,108.53761261069803,19,4,9.509632157337462,0,1,1,1,1
488,180.79607728846906,12,1,12.915540678288716,0,1,1,1,1
489,123.1514105505083,15,1,6.929576123278158,0,1,1,1,1
490,149.0144565656551,18,2,7.289980482370145,0,1,1,1,1
491,215.00810302029157,12,1,9.428389159976263,0,1,1,1,1
492,76.3319681752698,7,3,17.235293480155512,0,1,1,1,1
493,119.74699567684883,18,3,5.968590896576579,0,1,1,1,1
494,214.28680155028815,16,1,12.480603540443928,0,1,1,1,1
495,140.5089339112094,12,4,14.822753411196667,0,1,1,1,1
496,122.57710793084965,15,4,11.303771920705836,0,1,1,1,1
497,237.13739973686342,21,1,11.846790298499522,0,1,1,1,1
498,172.3091427717791,22,1,13.750741316161669,0,1,1,1,1
499,61.11160792659534,10,1,14.83862693389737,0,1,1,1,1
500,215.34206937606328,15,2,0.9519151554138539,0,1,1,1,1
501,162.79932908587506,16,1,9.135644587782819,0,1,1,1,1
502,161.05931456469455,18,2,11.384793376096827,0,1,1,1,1
503,181.7626640012393,21,3,6.78219437524676,0,1,1,1,1
504,181.30117279465878,13,4,8.892019150009487,0,1,1,1,1
505,3316.434161778644,1,30,884.4934848474453,1,-1,1,-1,-1
506,115.16740216448301,20,2,17.36706540720878,0,1,1,1,1
507,49.86822287150885,14,4,4.547763737247612,0,1,1,1,1
508,3316.434161778644,0,21,741.3193817872052,1,-1,1,-1,-1
509,126.05882368917949,17,1,7.074057755364942,0,1,1,1,1
510,119.90751430159206,13,2,6.528681188759656,0,1,1,1,1
511,1.0,6,4,20.53442366639073,0,1,-1,1,1
512,52.675188049509785,8,3,6.029782291505733,0,1,1,1,1
513,81.25660296934095,16,3,9.34986969250755,0,1,1,1,1
514,295.6516926117441,12,1,16.458432328293366,0,1,1,1,1
515,201.17011275983214,19,3,18.201770469491557,0,1,1,1,1
516,164.12586867629688,13,2,11.952274660269412,0,1,1,1,1
517,172.86609116820344,13,4,9.838314406523923,0,1,1,1,1
518,3316.434161778644,1,16,1005.6107130798366,1,-1,-1,-1,-1
519,247.80330709392243,9,4,6.097832726777744,0,1,1,1,1
520,168.75207141589567,11,3,12.461484559690184,0,1,1,1,1
521,20.747332854345757,21,1,11.945187952168816,0,1,1,1,1
522,34.616069155247104,22,4,13.748827768290617,0,1,1,1,1
523,1.0,11,1,20.92931883208813,0,1,-1,1,1
524,187.97576707705616,10,1,8.64801528952279,0,1,1,1,1
525,194.52267542010105,14,2,9.351318984057484,0,1,1,1,1
526,119.6154790568084,12,4,16.449648493091203,0,1,1,1,1
527,201.51510346214863,22,4,13.147020030511001,0,1,1,1,1
528,278.87495960095157,14,2,12.77620037139712,0,1,1,1,1
529,143.6225431274881,12,4,7.1977526559846225,0,1,1,1,1
530,50.44225699191398,7,2,8.119479047202088,0,1,1,1,1
531,218.63807050057233,22,3,14.540314217589927,0,1,1,1,1
532,171.51307581428807,22,3,6.99269594220497,0,1,1,1,1
533,61.16554524684176,14,4,8.501734679723171,0,1,1,1,1
534,160.48462608369155,14,1,18.637091433140505,0,1,1,1,1
535,224.26375932547876,6,1,15.701266404721402,0,1,1,1,1
536,111.09536727413354,17,1,13.300187458951674,0,1,1,1,1
537,205.23882832542145,21,3,8.819349541110071,0,1,1,1,1
538,185.82509733781683,8,3,6.143849168826806,0,1,1,1,1
539,235.37779332575866,21,1,7.542295869214172,0,1,1,1,1
540,40.547264060346805,17,3,9.827625674826836,0,1,1,1,1
541,175.31954093386463,10,2,6.280695364521829,0,1,1,1,1
542,1.0,6,1,9.85991107552128,0,1,-1,1,1
543,184.42410871660425,13,4,0.0,0,1,1,1,1
544,151.74817164187544,17,1,15.613391272818692,0,1,1,1,1
545,246.02450066074573,11,2,14.903366471637128,0,1,1,1,1
546,157.95819784125908,7,4,7.769653107705832,0,1,1,1,1
547,152.32879572613354,8,2,4.29896571674421,0,1,1,1,1
548,169.92288978455537,20,4,8.599656865595623,0,1,1,1,1
549,267.06423129756496,19,2,17.951094028108898,0,1,1,1,1
550,168.61409690837633,11,3,2.976042261948363,0,1,1,1,1
551,164.82605195323055,7,3,5.009882033530611,0,1,1,1,1
552,1.0,8,3,14.839994022769321,0,1,1,1,1
553,269.5953048987517,16,4,0.9857190179105864,0,1,1,1,1
554,156.71848026515633,8,2,8.031812643514778,0,1,1,1,1
555,194.44656709200999,20,3,8.701929843271127,0,1,1,1,1
556,217.5508152388256,15,2,11.23341574805372,0,1,1,1,1
557,154.25242780622938,16,3,11.662661565488204,0,1,1,1,1
558,219.7143022358552,8,4,3.249504409367895,0,1,1,1,1
559,268.07592384428074,6,3,9.549037933113059,0,1,1,1,1
560,78.42183848353389,10,4,10.792240252498674,0,1,1,1,1
561,3316.434161778644,1,22,842.1069341578493,1,-1,1,-1,-1
562,89.76864662171033,19,3,1.3269425153140233,0,1,1,1,1
563,212.22139112679403,9,2,7.239876354942117,0,1,1,1,1
564,105.57382249447872,22,1,13.657462039704672,0,1,1,1,1
565,255.65293244225336,6,3,2.237462633499728,0,1,1,1,1
566,177.94804980483437,14,2,18.41191792670049,0,1,1,1,1
567,145.09405233369222,11,3,5.004275543344939,0,1,1,1,1
568,174.34933832242078,8,1,11.386447656054234,0,1,1,1,1
569,3316.434161778644,5,16,296.7809608454468,1,-1,-1,-1,-1
570,162.56388539562758,9,3,14.982774422492021,0,1,1,1,1
571,216.80889967316628,21,2,13.293986841830964,0,1,1,1,1
572,153.53699024833585,15,1,8.801914222826765,0,1,1,1,1
573,173.12955189519874,13,1,6.613629079953611,0,1,1,1,1
574,215.10109519729684,19,4,5.970031955841012,0,1,1,1,1
575,183.1033853752171,21,2,7.323722166847109,0,1,1,1,1
576,1.0,10,2,16.54123303439955,0,1,1,1,1
577,177.81667619607657,16,4,16.046322842126887,0,1,1,1,1
578,93.62613897040941,7,4,21.38715224278049,0,1,1,1,1
579,107.32381222682204,12,3,14.024402829311896,0,1,1,1,1
580,212.58802739341291,21,2,13.054224582054271,0,1,1,1,1
581,146.00592712109977,19,1,10.736611652432353,0,1,1,1,1
582,167.37849558484197,11,4,10.728151571719424,0,1,1,1,1
583,90.31213946779893,21,1,1.132927305951597,0,1,1,1,1
584,124.47147223912818,15,1,12.47636473034299,0,1,1,1,1
585,216.36152336192583,12,3,14.638711997756026,0,1,1,1,1
586,241.82501285868508,7,2,15.66894636282006,0,1,1,1,1
587,114.74780627442061,12,1,14.526297007469774,0,1,1,1,1
588,84.04150274470084,19,2,7.084424638486544,0,1,1,1,1
589,163.80703341776956,20,2,11.898437903069919,0,1,1,1,1
590,47.00619349807752,19,4,11.620446111600236,0,1,1,1,1
591,247.13518631428013,7,1,10.574669557905064,0,1,1,1,1
592,188.565346842042,15,2,8.09980968903902,0,1,1,1,1
593,292.81347216577046,16,1,5.153007111306897,0,1,-1,1,1
594,1.0,16,2,15.230261255239498,0,1,1,1,1
595,145.69739593453437,19,2,19.58222438367705,0,1,1,1,1
596,154.1973438684995,14,1,10.258491607143073,0,1,1,1,1
597,251.95577735529912,12,3,14.076580360858166,0,1,1,1,1
598,165.03788699888835,22,1,6.977006919102296,0,1,1,1,1
599,1.2131674763497244,20,2,5.068799447417012,0,1,1,1,1
600,73.2893919336801,18,2,4.195440218066305,0,1,1,1,1
601,54.89895565417193,9,3,10.796488919148203,0,1,1,1,1
602,243.69976747738554,21,4,13.951967384830862,0,1,1,1,1
603,212.18700608493953,8,4,11.971188247210154,0,1,1,1,1
604,164.19168917095524,21,2,7.564432195924109,0,1,1,1,1
605,3316.434161778644,4,21,950.9723784948086,1,-1,1,-1,-1
606,287.89325766266376,13,4,0.0,0,1,1,1,1
607,107.6405832748958,7,2,11.259272076475025,0,1,1,1,1
608,207.10561091859196,10,1,16.08862593725568,0,1,1,1,1
609,211.03411858695495,18,4,15.453299680440661,0,1,1,1,1
610,254.480139336546,8,1,12.653469690123664,0,1,1,1,1
611,27.291087606708984,18,2,12.744914370384555,0,1,1,1,1
612,185.40364993632423,16,2,7.43181869642545,0,1,1,1,1
613,67.19375087674874,15,4,7.2810859782363835,0,1,1,1,1
614,30.26890480773389,22,3,14.118604635218961,0,1,1,1,1
615,111.67174632704159,20,3,10.914573650643526,0,1,1,1,1
616,3316.434161778644,0,37,1081.9812434550056,1,-1,-1,-1,-1
617,94.93021742153925,11,2,1.7625185047628058,0,1,1,1,1
618,3316.434161778644,2,26,789.3394262017691,1,-1,1,-1,-1
619,167.49508773832105,12,2,16.46754984229685,0,1,1,1,1
620,63.90038397449855,14,4,8.712394005451042,0,1,1,1,1
621,228.6191608818446,16,4,5.028324457524403,0,1,1,1,1
622,110.81998536790327,20,3,16.960354604871277,0,1,1,1,1
623,185.68577611856645,6,1,4.535523794506253,0,1,1,1,1
624,179.5000627265999,6,1,13.095525092324262,0,1,1,1,1
625,126.21413098418917,8,4,12.943516391075754,0,1,1,1,1
626,204.3130850457516,17,3,9.833526302415311,0,1,1,1,1
627,3316.434161778644,0,20,836.8733414351328,1,-1,1,-1,-1
628,166.92877862360402,16,2,1.6782180333489958,0,1,1,1,1
629,177.5716180988842,20,4,6.51221396701846,0,1,1,1,1
630,3316.434161778644,3,36,649.8550763469775,1,-1,1,-1,-1
631,167.846379410022,19,2,5.584001844224377,0,1,1,1,1
632,186.35362705714903,13,2,4.612083761981437,0,1,1,1,1
633,121.92380942256176,14,4,5.035765960830302,0,1,1,1,1
634,132.32261457709168,14,3,6.529783380711791,0,1,1,1,1
635,168.2582664111124,12,2,10.992893103407585,0,1,1,1,1
636,192.5847348442679,10,4,15.951528517550589,0,1,1,1,1
637,3316.434161778644,2,30,1053.0319890976655,1,-1,1,-1,-1
638,64.41980709682481,15,3,12.583514093242332,0,1,1,1,1
639,3316.434161778644,4,30,719.7490121360352,1,-1,1,-1,-1
640,139.9992775744338,7,1,13.37572329947449,0,1,1,1,1
641,127.0093310760659,19,3,10.537670900268171,0,1,1,1,1
642,82.78748184299775,13,2,4.038023347787832,0,1,1,1,1
643,3316.434161778644,3,27,741.0862490676777,1,-1,1,-1,-1
644,194.32932010592748,13,2,10.6910256467664,0,1,1,1,1
645,73.03271069266982,15,1,11.619951281360722,0,1,1,1,1
646,3316.434161778644,5,39,374.3660916028376,1,-1,-1,-1,-1
647,121.05339703325268,17,3,22.2912180286828,0,1,1,1,1
648,233.93388971530794,19,4,12.349124616024831,0,1,1,1,1
649,152.84611815877,11,3,3.677848194113932,0,1,1,1,1
650,61.436345436520966,19,3,4.231625418001197,0,1,1,1,1
651,172.28607316094448,15,2,5.842386136668118,0,1,1,1,1
652,94.51950683421754,21,1,1.904640899409177,0,1,1,1,1
653,29.79972351672825,9,2,13.529848733494081,0,1,1,1,1
654,3316.434161778644,4,38,906.2446457185163,1,-1,1,-1,-1
655,181.6747099544659,20,2,15.196845224592767,0,1,1,1,1
656,179.07634702712585,12,3,16.612521657615613,0,1,1,1,1
657,3316.434161778644,0,28,596.3764776962629,1,-1,1,-1,-1
658,320.2775785948131,7,1,13.834336466645304,0,1,1,1,1
659,155.59356647958603,12,3,12.801645891161284,0,1,1,1,1
660,16.02536442365144,15,1,14.613198613939264,0,1,1,1,1
661,63.30409381135516,22,2,0.4511854712685963,0,1,1,1,1
662,3316.434161778644,2,30,782.0538460176763,1,-1,1,-1,-1
663,240.88389468443427,17,1,5.215816435601767,0,1,1,1,1
664,169.01884818658223,13,3,21.070763078959555,0,1,1,1,1
665,351.39792300271364,10,2,12.446919694692046,0,1,-1,1,1
666,113.29276054805595,20,4,5.920866760077837,0,1,1,1,1
667,209.00124547736692,13,3,12.726616309835302,0,1,1,1,1
668,83.00814209380303,22,1,11.307102063649841,0,1,1,1,1
669,258.2868711655518,20,1,10.066879063579313,0,1,1,1,1
670,150.91610333365236,13,3,13.321461510278178,0,1,1,1,1
671,55.87082244565585,9,2,5.461912469496998,0,1,1,1,1
672,145.90423105467224,9,2,9.900491645467072,0,1,1,1,1
673,92.89001407708128,8,3,11.794782203257355,0,1,1,1,1
674,130.85154980215805,17,4,4.445344523921397,0,1,1,1,1
675,124.42630269141588,13,3,10.474134298651878,0,1,1,1,1
676,67.14769977393507,15,3,11.472964212791895,0,1,1,1,1
677,118.50070622203424,8,1,15.70740384051609,0,1,1,1,1
678,121.54413475431723,7,3,5.021548865790966,0,1,1,1,1
679,52.49495516610976,18,3,13.923443580658432,0,1,1,1,1
680,247.00150694652802,21,4,8.440543438723001,0,1,1,1,1
681,142.53610802772067,9,3,3.4903271491824768,0,1,1,1,1
682,209.20113890434683,15,3,4.713066276683604,0,1,1,1,1
683,148.65590739965688,15,2,2.2449029382597265,0,1,1,1,1
684,50.46352969113045,17,4,14.771741645458487,0,1,1,1,1
685,140.88420338761,12,4,9.724489504788552,0,1,1,1,1
686,306.081004810104,10,2,17.397310719260965,0,1,-1,1,1
687,136.06618129560337,6,1,13.156191640335738,0,1,1,1,1
688,71.051433725741,9,3,8.339157350804973,0,1,1,1,1
689,123.7179821501685,22,2,5.344632560289484,0,1,1,1,1
690,293.8075617947452,21,4,15.701047394683679,0,1,1,1,1
691,144.5615795212476,14,4,0.4170126624089452,0,1,1,1,1
692,100.42672526971091,11,4,18.533838202094866,0,1,1,1,1
693,193.89910550913012,8,4,6.577219879100997,0,1,1,1,1
694,105.38168900038282,19,1,4.9456554107184125,0,1,1,1,1
695,168.57359117010049,10,1,9.682456627808657,0,1,1,1,1
696,67.25535586604808,10,1,7.2596353337758845,0,1,1,1,1
697,120.24683349429681,14,4,10.086673145756537,0,1,1,1,1
698,127.20927468939402,9,3,0.0,0,1,1,1,1
699,137.30921303690494,22,4,5.031510614467584,0,1,1,1,1
700,63.40582420893705,22,4,17.828897656016274,0,1,1,1,1
701,30.447550414455478,15,3,15.411759648958677,0,1,1,1,1
702,13.680570991169958,7,4,7.6809977932428275,0,1,1,1,1
703,180.80303501248807,17,3,14.97769664081341,0,1,1,1,1
704,249.59579029171564,7,4,7.862178177039375,0,1,1,1,1
705,81.87702486513857,20,2,12.522223238312343,0,1,1,1,1
706,138.73672908668917,21,1,13.684182654600257,0,1,1,1,1
707,101.03225607521536,21,2,10.568740767430718,0,1,1,1,1
708,142.30568504613342,10,3,14.13586399810611,0,1,1,1,1
709,185.86592527785277,16,2,14.215871550113345,0,1,1,1,1
710,1.0,10,2,17.33101409812841,0,1,1,1,1
711,124.09666365707194,15,3,20.10319849387916,0,1,1,1,1
712,23.472448043684608,9,3,9.804505393917236,0,1,1,1,1
713,1.0,10,2,13.108006565604857,0,1,1,1,1
714,208.4619752910916,11,1,18.891604533599114,0,1,1,1,1
715,164.6587549777525,20,1,10.282483459966164,0,1,1,1,1
716,258.7350060192349,6,1,18.88591420128862,0,1,1,1,1
717,152.48684702169223,18,2,13.23787051530843,0,1,1,1,1
718,15.15221460921535,19,2,9.389580560143042,0,1,1,1,1
719,171.41691698750685,10,2,7.532658954230621,0,1,1,1,1
720,3316.434161778644,0,17,845.4325596774933,1,-1,-1,-1,-1
721,118.43159017123284,21,4,13.88536479495449,0,1,1,1,1
722,193.04275519426008,11,1,0.0,0,1,1,1,1
723,171.01993801177107,20,1,1.4538694804492227,0,1,1,1,1
724,1.0,22,1,11.17215558241049,0,1,-1,1,1
725,135.6310868934833,11,3,14.85503167979594,0,1,1,1,1
726,167.59973471774123,11,2,3.677290040260429,0,1,1,1,1
727,238.5030968047911,20,2,2.9654291719906904,0,1,1,1,1
728,157.24679255213965,21,1,10.97551986571444,0,1,1,1,1
729,97.65733786499555,12,4,0.0,0,1,1,1,1
730,62.25715372362883,16,1,6.0059712755350905,0,1,1,1,1
731,165.82320655534818,13,4,7.826502631384329,0,1,1,1,1
732,243.22460284377416,19,3,2.2963275186795906,0,1,1,1,1
733,7.311109622865331,14,1,5.865954473034632,0,1,-1,1,1
734,131.96548406175205,19,3,15.501853403486116,0,1,1,1,1
735,78.4523163137977,13,4,10.898233403900267,0,1,1,1,1
736,115.49284494083916,7,1,23.173703772075,0,1,1,1,1
737,75.873924687558,19,4,6.698499419890055,0,1,1,1,1
738,60.928956646252146,15,3,13.411962549063963,0,1,1,1,1
739,215.6422780333935,8,2,12.233307576394516,0,1,1,1,1
740,150.91563512731727,10,1,7.678098039022758,0,1,1,1,1
741,288.31962727085624,15,1,9.10029956058347,0,1,1,1,1
742,162.64952679240872,19,1,11.057300761819587,0,1,1,1,1
743,100.22658397965935,22,1,14.849022436958727,0,1,1,1,1
744,94.32459106634376,10,1,4.763564268080947,0,1,1,1,1
745,205.93573853559104,10,2,7.290082998869037,0,1,1,1,1
746,242.6006206416907,10,1,5.090450770245984,0,1,1,1,1
747,68.7945675416947,15,2,12.943200758687013,0,1,1,1,1
748,139.42170747750623,9,4,16.995681908480435,0,1,1,1,1
749,1.0,8,3,0.4221741776550285,0,1,1,1,1
750,187.69090347199435,7,3,11.08102338161344,0,1,1,1,1
751,1.0,13,1,7.332402371585603,0,1,-1,1,1
752,249.97322136350218,8,2,11.456026005657467,0,1,1,1,1
753,185.17092848135948,18,3,10.634334881479212,0,1,1,1,1
754,3316.434161778644,1,30,1190.1886965373383,1,-1,-1,-1,-1
755,187.2064167600245,13,4,9.083512217863701,0,1,1,1,1
756,178.14051267193628,8,1,13.004796423499485,0,1,1,1,1
757,58.84567991267403,7,1,0.0,0,1,1,1,1
758,176.29296018259848,18,4,14.998370099359946,0,1,1,1,1
759,3.4875132627901166,14,1,13.420189565586906,0,1,-1,1,1
760,102.46800354425645,10,1,7.740245100732457,0,1,1,1,1
761,130.3390799989679,10,3,16.861711714332593,0,1,1,1,1
762,175.24840028722724,15,4,12.775728409724156,0,1,1,1,1
763,146.27301837285285,15,3,11.657708475668464,0,1,1,1,1
764,185.8479491148963,12,1,21.053204386966197,0,1,1,1,1
765,171.78958042193918,18,3,17.45062171148286,0,1,1,1,1
766,217.34560535120494,7,1,6.0761037642200435,0,1,1,1,1
767,3316.434161778644,5,36,1206.2800329557006,1,-1,-1,-1,-1
768,290.2952821360865,19,1,4.151949987605863,0,1,-1,1,1
769,246.4682896710587,8,1,10.221085014500915,0,1,1,1,1
770,169.90298478408664,7,1,12.425991157388536,0,1,1,1,1
771,340.6081826147259,9,4,15.667843514378124,0,1,-1,1,1
772,94.20609413597785,19,1,8.528261382363752,0,1,1,1,1
773,163.15125623818417,7,4,5.673285839490829,0,1,1,1,1
774,31.425168204574334,20,1,7.462997117997874,0,1,1,1,1
775,188.31004308163693,7,2,10.054010424280076,0,1,1,1,1
776,201.79877525675795,16,3,11.434455591463024,0,1,1,1,1
777,80.93237882084946,18,1,2.0891649193654107,0,1,1,1,1
778,139.29416283871672,12,4,5.286600427343298,0,1,1,1,1
779,157.92278568057608,7,3,9.721574736750028,0,1,1,1,1
780,259.0114111842673,7,4,7.067421745400178,0,1,1,1,1
781,117.57845876405345,22,2,8.923777717119226,0,1,1,1,1
782,224.19507852465446,8,4,5.745901888086536,0,1,1,1,1
783,133.58706489071648,15,1,12.388053648783853,0,1,1,1,1
784,21.897765030491712,15,3,13.156373650607883,0,1,1,1,1
785,157.23918253022993,12,2,14.556190222844734,0,1,1,1,1
786,3316.434161778644,1,19,1128.5320586872467,1,-1,-1,-1,-1
787,99.75471330197009,11,3,14.176884969511153,0,1,1,1,1
788,127.2508929567924,20,2,17.849992424994735,0,1,1,1,1
789,197.27250582346838,6,4,4.780279642656789,0,1,1,1,1
790,106.52035936538923,7,4,11.54399638424083,0,1,1,1,1
791,191.9605900228869,18,2,8.142911319589658,0,1,1,1,1
792,3316.434161778644,1,18,823.8247858732556,1,-1,1,-1,-1
793,131.41845360606118,10,4,2.6877130757292367,0,1,1,1,1
794,314.82385364192623,22,1,7.418512015692457,0,1,-1,1,1
795,266.09430792168513,15,1,11.793980419531271,0,1,1,1,1
796,151.1188177492234,20,2,1.1181618057688958,0,1,1,1,1
797,180.34240274921305,22,2,4.8398387741921125,0,1,1,1,1
798,138.63974284739828,21,1,10.727574026677976,0,1,1,1,1
799,404.3082943494028,9,3,9.871804698261629,0,1,-1,1,1
800,89.71779357140977,9,3,14.096715485298734,0,1,1,1,1
801,3316.434161778644,3,33,773.579757437375,1,-1,1,-1,-1
802,249.83599880475452,12,3,6.129570575089751,0,1,1,1,1
803,140.18522900038982,13,4,6.54942229424027,0,1,1,1,1
804,188.95779846284654,11,3,18.48293341485425,0,1,1,1,1
805,9.381728691469505,9,3,10.490009570496914,0,1,1,1,1
806,76.78751073232591,9,4,10.413591009315944,0,1,1,1,1
807,55.20449868663803,10,3,12.489614671346892,0,1,1,1,1
808,262.30571136532456,11,4,1.4861069405334515,0,1,-1,1,1
809,240.31778341767134,7,3,15.644955504810087,0,1,1,1,1
810,15.082547901271852,13,4,9.91581638133287,0,1,1,1,1
811,97.61698436564876,15,1,6.986403184848888,0,1,1,1,1
812,196.98073334422338,20,4,8.397298108312262,0,1,1,1,1
813,83.35706217631908,15,1,12.327483870831399,0,1,1,1,1
814,183.99727179489193,22,1,15.800464233217753,0,1,1,1,1
815,218.10284598758312,22,3,7.986085294468801,0,1,1,1,1
816,173.1487325565689,7,3,14.852489904318654,0,1,1,1,1
817,134.98632072572383,8,3,6.5845409920741265,0,1,1,1,1
818,34.23100220615302,15,3,8.739685922983218,0,1,1,1,1
819,88.75717780562297,15,4,7.984186615349756,0,1,1,1,1
820,79.85113774659294,8,4,12.111445095626799,0,1,1,1,1
821,68.35015843893301,18,2,10.450784138337866,0,1,1,1,1
822,165.18747142699544,10,1,9.226946206900454,0,1,1,1,1
823,175.12617790958393,6,2,16.33152278584683,0,1,1,1,1
824,175.1126569166043,8,3,17.510146259215652,0,1,1,1,1
825,312.8058642184854,22,4,12.855870331455236,0,1,-1,1,1
826,1.0,18,1,12.779560156497212,0,1,-1,1,1
827,82.54157837657031,22,2,10.4729626647885,0,1,1,1,1
828,112.25791730893314,16,1,16.176236941551362,0,1,1,1,1
829,7.063399090553759,8,2,14.978174030589162,0,1,1,1,1
830,168.3369099292055,8,1,11.815046238572583,0,1,1,1,1
831,156.6896861928446,21,1,9.896468179468831,0,1,1,1,1
832,93.4188376038829,9,2,5.277885607984542,0,1,1,1,1
833,256.99184859541947,16,1,7.439692903404365,0,1,1,1,1
834,1.0,20,2,4.3153870929478275,0,1,1,1,1
835,47.61272338879836,13,4,11.340813904776581,0,1,1,1,1
836,314.2147985556713,14,1,15.741282122579943,0,1,-1,1,1
837,156.0570630365467,15,2,13.899348062613882,0,1,1,1,1
838,36.10124516807518,22,1,12.765383935126223,0,1,1,1,1
839,20.410240448658413,7,3,16.765367887710298,0,1,1,1,1
840,166.27105924959548,22,4,8.78690476299863,0,1,1,1,1
841,266.8943093376263,16,4,8.038869935398585,0,1,1,1,1
842,108.29416650901722,11,3,13.199680829003956,0,1,1,1,1
843,181.98193813787492,16,2,10.991905803132198,0,1,1,1,1
844,252.98648892840524,17,3,9.6834007014452,0,1,1,1,1
845,211.38537923689813,13,2,6.605103428240089,0,1,1,1,1
846,78.0244170809797,14,3,3.434161409000314,0,1,1,1,1
847,140.59662661374958,7,4,15.824722225940638,0,1,1,1,1
848,92.44158133721677,6,1,0.19577200765233727,0,1,1,1,1
849,167.88764390197457,21,1,18.02114552342507,0,1,1,1,1
850,109.02058167427701,10,3,4.531314691416647,0,1,1,1,1
851,45.78783065324285,12,3,8.643117535341377,0,1,1,1,1
852,123.12486199678818,22,2,9.152246421497779,0,1,1,1,1
853,177.00596390391468,11,3,6.853277578327478,0,1,1,1,1
854,32.33549643978736,21,4,10.64964927083037,0,1,1,1,1
855,179.23552514912626,16,1,0.0,0,1,1,1,1
856,168.04478716081445,20,3,14.128568207126548,0,1,1,1,1
857,32.92463985303975,10,3,11.07549067909518,0,1,1,1,1
858,203.24681890507435,14,2,6.504890734480368,0,1,1,1,1
859,170.41707334846996,14,4,4.95845556862869,0,1,1,1,1
860,278.3403489213713,15,1,13.042258682148395,0,1,1,1,1
861,126.6263051357156,11,2,12.405143323818276,0,1,1,1,1
862,144.46896522190883,9,1,19.67690591764555,0,1,1,1,1
863,216.86463170514696,10,1,16.640783104478984,0,1,1,1,1
864,154.34828683123058,9,1,0.07928388435501965,0,1,1,1,1
865,295.7039080650487,6,1,19.082634980700526,0,1,1,1,1
866,1.0,13,3,1.9559664536501415,0,1,1,1,1
867,309.7384713353429,20,4,12.825766894048847,0,1,-1,1,1
868,163.02024520840044,14,2,10.282057835847853,0,1,1,1,1
869,117.43374109197399,17,3,17.856679080411837,0,1,1,1,1
870,11.546271559422536,16,4,15.228200601046328,0,1,1,1,1
871,98.81987738002019,8,1,9.85958462447984,0,1,1,1,1
872,3316.434161778644,1,35,652.7453766923329,1,-1,1,-1,-1
873,72.388038427887,10,2,0.0,0,1,1,1,1
874,296.9909340390016,8,1,5.47596248392789,0,1,1,1,1
875,3316.434161778644,5,16,1033.8540218140342,1,-1,-1,-1,-1
876,206.8981263834284,15,3,1.1180085182885264,0,1,1,1,1
877,170.2307851975919,12,2,14.28605176778306,0,1,1,1,1
878,187.40074738016364,17,1,13.014684718776111,0,1,1,1,1
879,160.42196171783087,15,1,3.1042537432570603,0,1,1,1,1
880,209.46033369627537,13,1,14.331126004292642,0,1,1,1,1
881,127.10010131554465,14,3,8.631480020911159,0,1,1,1,1
882,113.38404552345395,10,4,8.928625287227675,0,1,1,1,1
883,52.04247746235998,15,2,3.5693498164560458,0,1,1,1,1
884,200.9525026697768,13,3,0.5109275005011167,0,1,1,1,1
885,193.0492349603141,16,4,8.601615844335535,0,1,1,1,1
886,49.974756886148285,16,4,12.269978157234794,0,1,1,1,1
887,33.42753441154669,18,3,3.6269079899224703,0,1,1,1,1
888,141.7263909140293,13,4,0.8932482903768086,0,1,1,1,1
889,174.9607577240995,20,2,11.171491801884489,0,1,1,1,1
890,120.2626642731444,14,3,8.35395300820496,0,1,1,1,1
891,68.21757746821363,14,2,9.017507898009463,0,1,1,1,1
892,76.1690846483786,18,3,6.985108437164982,0,1,1,1,1
893,164.12099370979575,22,2,4.988121271168913,0,1,1,1,1
894,130.39514790474382,22,2,13.120921362347662,0,1,1,1,1
895,177.32444407524076,22,2,16.29557424667368,0,1,1,1,1
896,172.6069586335437,21,4,0.7159479902991706,0,1,1,1,1
897,83.33049552404754,12,3,13.747285077032819,0,1,1,1,1
898,162.815247465366,18,1,9.05706933496995,0,1,1,1,1
899,3316.434161778644,3,29,851.8575283069816,1,-1,1,-1,-1
900,174.91622674427515,21,4,15.930712510594155,0,1,1,1,1
901,145.3271004913054,16,4,11.957480186740536,0,1,1,1,1
902,150.00675144731312,19,4,5.952731354513362,0,1,1,1,1
903,262.59854890509735,20,3,12.339098914548286,0,1,1,1,1
904,91.98191483713974,16,4,4.38521475446435,0,1,1,1,1
905,125.43334253323385,6,3,13.698462542064615,0,1,1,1,1
906,60.4371299783579,12,3,14.651889288114461,0,1,1,1,1
907,165.74208773255657,8,2,2.098303410772325,0,1,1,1,1
908,67.53490237830769,7,2,5.833687042313768,0,1,1,1,1
909,235.10812261874867,6,4,22.659523388710888,0,1,1,1,1
910,265.02215519331696,7,3,9.433230010800965,0,1,1,1,1
911,258.73764802364894,9,4,12.249076632782671,0,1,1,1,1
912,133.5649953705896,17,1,14.82585246364333,0,1,1,1,1
913,209.1530137840758,19,1,5.862078796326693,0,1,1,1,1
914,36.97872928861068,12,2,19.430945792780406,0,1,1,1,1
915,66.80127150076035,13,4,12.71429112238798,0,1,1,1,1
916,142.96986060675036,16,2,9.418666773448171,0,1,1,1,1
917,3316.434161778644,1,29,793.505135216509,1,-1,1,-1,-1
918,176.74361027981715,22,3,14.095520844560692,0,1,1,1,1
919,186.54201900459293,13,2,7.8477083326902095,0,1,1,1,1
920,146.10252784559057,18,4,14.09381975173721,0,1,1,1,1
921,199.27835380603966,20,1,0.3924773472568095,0,1,1,1,1
922,166.22378215182235,7,3,2.855922828868609,0,1,1,1,1
923,105.23421711604084,7,3,7.790449914601549,0,1,1,1,1
924,287.6615864932787,9,3,11.83166466825022,0,1,1,1,1
925,155.5504908106223,10,4,0.0,0,1,1,1,1
926,90.51294169499486,10,4,15.168930839694498,0,1,1,1,1
927,142.1211612392461,18,2,12.443342622336536,0,1,1,1,1
928,198.70091777795517,7,1,12.896409856604665,0,1,1,1,1
929,81.01456324195655,16,2,10.47234995909819,0,1,1,1,1
930,222.01476512159707,21,4,12.705654191090202,0,1,1,1,1
931,1.0,7,2,17.914147233866668,0,1,1,1,1
932,62.522290363041364,14,1,7.887195086006268,0,1,1,1,1
933,142.45899565979545,20,4,15.342310336221491,0,1,1,1,1
934,240.17929655744263,19,3,15.356522694648078,0,1,1,1,1
935,126.27432371722333,12,1,13.02395791275284,0,1,1,1,1
936,191.23283223206488,19,1,16.88868118137372,0,1,1,1,1
937,191.93502742502167,13,2,0.0,0,1,1,1,1
938,317.4534647144476,21,4,5.280232376389989,0,1,-1,1,1
939,224.52584102993953,14,2,11.832255732857753,0,1,1,1,1
940,302.4048171251576,10,3,19.206278072134523,0,1,-1,1,1
941,3316.434161778644,3,17,1259.9328139229679,1,-1,-1,-1,-1
942,199.2205413574849,9,2,9.12515981642911,0,1,1,1,1
943,171.85632182816983,21,2,12.001549541548366,0,1,1,1,1
944,145.45734444858468,20,4,9.426110254990387,0,1,1,1,1
945,3316.434161778644,3,28,663.6770894939132,1,-1,1,-1,-1
946,1.0,21,3,1.7005605929015601,0,1,1,1,1
947,274.91505614428587,15,4,4.569827234829262,0,1,-1,1,1
948,32.63638036872075,8,4,21.689225595860826,0,1,1,1,1
949,137.22813540623864,21,4,7.9473300599249255,0,1,1,1,1
950,1.0,17,1,14.445636587635036,0,1,1,1,1
951,154.09136468417293,7,2,7.3245642331164404,0,1,1,1,1
952,213.26413769431912,22,1,9.633908380080893,0,1,1,1,1
953,282.07423457849995,14,2,10.26876281495251,0,1,1,1,1
954,293.8048933315712,13,2,13.455312829334385,0,1,1,1,1
955,133.91162763849357,15,2,17.05080997650968,0,1,1,1,1
956,122.85932128927877,6,3,12.401671479406897,0,1,1,1,1
957,200.0068160998523,19,3,12.34680329810387,0,1,1,1,1
958,25.12333176044457,14,2,6.778958748067758,0,1,1,1,1
959,80.73351074454054,7,1,6.239195659662398,0,1,1,1,1
960,199.53368935803147,12,2,8.238674825251154,0,1,1,1,1
961,144.3455694678343,13,3,13.844829357868727,0,1,1,1,1
962,176.92665012843477,8,3,15.097554588323147,0,1,1,1,1
963,191.3038057681161,14,4,16.037125141556004,0,1,1,1,1
964,288.2958115524474,10,4,9.525173447036641,0,1,1,1,1
965,95.52563644768469,9,3,12.17729167978709,0,1,1,1,1
966,185.1194526990639,17,4,9.11570403213602,0,1,1,1,1
967,147.93097216369148,15,3,6.541151284988435,0,1,1,1,1
968,72.79065902141025,11,1,10.511283298237078,0,1,1,1,1
969,88.9554232244186,13,3,13.024966878394366,0,1,1,1,1
970,3316.434161778644,4,35,804.8897443839573,1,-1,1,-1,-1
971,135.63846293739195,16,2,5.424376702602494,0,1,1,1,1
972,86.46909679796609,18,2,14.541966486336523,0,1,1,1,1
973,237.99837202736668,6,3,8.171416071768954,0,1,1,1,1
974,209.95471197821922,17,4,5.549896251181985,0,1,1,1,1
975,179.3225125789784,21,3,9.56647649578938,0,1,1,1,1
976,183.11122282981546,15,2,4.612193355663373,0,1,1,1,1
977,284.5453295440659,8,1,5.247318964071289,0,1,1,1,1
978,196.61241935901657,9,3,9.09846488575233,0,1,1,1,1
979,148.59497388180432,6,4,12.498940521478994,0,1,1,1,1
980,118.81521574753856,21,3,12.909252196535393,0,1,1,1,1
981,122.61272490688941,6,1,9.458833308385135,0,1,1,1,1
982,69.36856403011643,21,1,14.359877498595036,0,1,1,1,1
983,77.56167557119514,14,2,6.163914657346798,0,1,1,1,1
984,218.54351860532216,6,1,0.0,0,1,1,1,1
985,150.999529498215,22,4,13.849284465276774,0,1,1,1,1
986,176.64562980946042,11,3,9.118170247553348,0,1,1,1,1
987,270.89827466213774,8,4,6.753685401949319,0,1,1,1,1
988,123.78615245104314,17,2,6.430902513906444,0,1,1,1,1
989,126.54467306809906,8,4,4.074077097338412,0,1,1,1,1
990,164.3420507965053,17,1,13.12837785798077,0,1,1,1,1
991,85.47208765541019,12,2,15.043341779774195,0,1,1,1,1
992,135.21101091637917,20,4,7.650817457506365,0,1,1,1,1
993,239.0372713328211,10,1,11.547064198799625,0,1,1,1,1
994,59.337022879721545,6,4,7.069741800122207,0,1,1,1,1
995,73.9982356071535,12,2,10.439338185403638,0,1,1,1,1
996,92.27535731657221,10,4,13.387424210456969,0,1,1,1,1
997,71.43844641357595,12,3,9.16612132999007,0,1,1,1,1
998,101.59994297530152,15,4,10.058582088596827,0,1,1,1,1
999,121.49888231508592,11,3,11.95362513044448,0,1,1,1,1
